{
  "num_customers": 4,
  "num_vehicles": 2,
  "depot": 0,
  "nodes": [0, 1, 2, 3, 4],
  "customers": [1, 2, 3, 4],
  "distance_matrix": [
    [0.0, 114.2, 40.1, 3.0, 79.2],
    [114.2, 0.0, 76.34, 111.35, 101.13],
    [40.1, 76.34, 0.0, 37.1, 57.7],
    [3.0, 111.35, 37.1, 0.0, 77.0],
    [79.2, 101.13, 57.7, 77.0, 0.0]
  ],
  "demands": [0, 4, 1, 3, 4],
  "vehicle_capacities": [29, 15],
  "vehicle_speeds": [31, 50],
  "vehicle_fixed_costs": [10, 3],
  "vehicle_cost_per_km": [0.01, 0.01],
  "time_windows": [
    [0, 100],
    [10, 35],
    [14, 33],
    [19, 31],
    [30, 47]
  ],
  "service_times": [0, 6, 4, 5, 4],
  "beta": 10,
  "gamma": 20,
  "coords": [
    [1.7404369325125901, 18.308701170844046],
    [99.71958253416358, 76.96733290998769],
    [29.33185473530432, 47.40359520981768],
    [3.7130524133240472, 20.565352442984654],
    [0.6992904348313345, 97.5021037362697]
  ],
  "lambda_demand": [0, 200, 50, 150, 200],
  "eta": 10,
  "cost_matrix": [
    [
      [0.0, 1.14, 0.4, 0.03, 0.79],
      [1.14, 0.0, 0.76, 1.11, 1.01],
      [0.4, 0.76, 0.0, 0.37, 0.58],
      [0.03, 1.11, 0.37, 0.0, 0.77],
      [0.79, 1.01, 0.58, 0.77, 0.0]
    ],
    [
      [0.0, 1.14, 0.4, 0.03, 0.79],
      [1.14, 0.0, 0.76, 1.11, 1.01],
      [0.4, 0.76, 0.0, 0.37, 0.58],
      [0.03, 1.11, 0.37, 0.0, 0.77],
      [0.79, 1.01, 0.58, 0.77, 0.0]
    ]
  ],
  "w_fixed": 1.0,
  "w_distance": 1.0,
  "w_early": 1.0,
  "w_late": 1.0,
  "w_unserved": 1.0
}