{
    "solver_response": {
        "status": 1,
        "solution": {
            "problem_category": 1,
            "primal_solution": [
                1.0,
                0.0,
                0.0,
                0.0,
                0.0,
                0.0,
                0.0,
                1.0,
                1.0,
                -1.1102230246251565e-16,
                0.0,
                0.0,
                0.0,
                2.220446049250313e-16,
                1.0,
                0.0,
                0.0,
                -1.1102230246251565e-16,
                0.0,
                1.0,
                0.0,
                -1.1102230246251565e-16,
                2.220446049250313e-16,
                0.0,
                0.0,
                0.0,
                0.0,
                0.0,
                0.0,
                0.0,
                0.0,
                0.0,
                2.117582368135751e-22,
                0.0,
                1.1102230246251565e-16,
                0.0,
                0.0,
                0.0,
                0.0,
                0.0,
                1.0,
                -4.809431898686236e-17,
                0.0,
                25.0,
                48.0,
                38.5339583333207,
                33.446041666560504,
                0.0,
                0.0,
                1.0,
                20.0,
                25.000000000000004,
                20.0,
                7.000000000000005,
                20.0,
                4.999999999999999,
                20.0,
                0.0,
                0.0,
                0.0,
                0.0,
                0.0,
                0.0,
                0.0,
                0.0,
                1.0,
                1.0,
                1.0,
                1.0
            ],
            "dual_solution": null,
            "primal_objective": -544.6548,
            "dual_objective": null,
            "solver_time": 0.0,
            "solved_by_pdlp": null,
            "vars": {
                "x_0_1_0": 1.0,
                "x_0_2_0": 0.0,
                "x_0_3_0": 0.0,
                "x_0_4_0": 0.0,
                "x_1_0_0": 0.0,
                "x_1_2_0": 0.0,
                "x_1_3_0": 0.0,
                "x_1_4_0": 1.0,
                "x_2_0_0": 1.0,
                "x_2_1_0": -1.1102230246251565e-16,
                "x_2_3_0": 0.0,
                "x_2_4_0": 0.0,
                "x_3_0_0": 0.0,
                "x_3_1_0": 2.220446049250313e-16,
                "x_3_2_0": 1.0,
                "x_3_4_0": 0.0,
                "x_4_0_0": 0.0,
                "x_4_1_0": -1.1102230246251565e-16,
                "x_4_2_0": 0.0,
                "x_4_3_0": 1.0,
                "x_0_1_1": 0.0,
                "x_0_2_1": -1.1102230246251565e-16,
                "x_0_3_1": 2.220446049250313e-16,
                "x_0_4_1": 0.0,
                "x_1_0_1": 0.0,
                "x_1_2_1": 0.0,
                "x_1_3_1": 0.0,
                "x_1_4_1": 0.0,
                "x_2_0_1": 0.0,
                "x_2_1_1": 0.0,
                "x_2_3_1": 0.0,
                "x_2_4_1": 0.0,
                "x_3_0_1": 2.117582368135751e-22,
                "x_3_1_1": 0.0,
                "x_3_2_1": 1.1102230246251565e-16,
                "x_3_4_1": 0.0,
                "x_4_0_1": 0.0,
                "x_4_1_1": 0.0,
                "x_4_2_1": 0.0,
                "x_4_3_1": 0.0,
                "y_0": 1.0,
                "y_1": -4.809431898686236e-17,
                "a_0": 0.0,
                "a_1": 25.0,
                "a_2": 48.0,
                "a_3": 38.5339583333207,
                "a_4": 33.446041666560504,
                "u_0_0": 0.0,
                "u_0_1": 0.0,
                "u_1_0": 1.0,
                "u_1_1": 20.0,
                "u_2_0": 25.000000000000004,
                "u_2_1": 20.0,
                "u_3_0": 7.000000000000005,
                "u_3_1": 20.0,
                "u_4_0": 4.999999999999999,
                "u_4_1": 20.0,
                "delta_plus_1": 0.0,
                "delta_minus_1": 0.0,
                "delta_plus_2": 0.0,
                "delta_minus_2": 0.0,
                "delta_plus_3": 0.0,
                "delta_minus_3": 0.0,
                "delta_plus_4": 0.0,
                "delta_minus_4": 0.0,
                "z_1": 1.0,
                "z_2": 1.0,
                "z_3": 1.0,
                "z_4": 1.0
            },
            "lp_statistics": {},
            "reduced_cost": null,
            "milp_statistics": {
                "mip_gap": 9.078777970924694e-05,
                "solution_bound": -544.704248,
                "presolve_time": 0.00824645,
                "max_constraint_violation": 1.1641532182693481e-10,
                "max_int_violation": 2.220446049250313e-16,
                "max_variable_bound_violation": 3.552713678800501e-15,
                "num_nodes": 121,
                "num_simplex_iterations": 806
            }
        }
    },
    "total_solve_time": 0.06700301170349121
}